,folds,test_auc,test_acc
0,0,-1,0.8823529411764706
1,1,-1,0.9803921568627451
2,2,-1,0.9411764705882353
3,3,-1,0.8823529411764706
