,folds,test_auc,test_acc
0,0,0.6449100188020415,0.35096153846153844
1,1,0.6530217566478645,0.6538461538461539
2,2,0.6023099650819232,0.1298076923076923
3,3,0.5482138060703734,0.7980769230769231
