,folds,test_auc,test_acc
0,0,0.7248500000000001,0.750561797752809
1,1,0.75085,0.7640449438202247
2,2,0.7449749999999999,0.7393258426966292
3,3,0.765175,0.7393258426966292
