,folds,test_auc,test_acc
0,0,0.9988057825267127,0.9914346895074947
