,folds,test_auc,test_acc
0,0,0.5967230727907602,0.3221153846153846
