,folds,test_auc,test_acc
0,0,0.5967230727907602,0.3221153846153846
1,1,0.6395380069836154,0.15625
2,2,0.6478646253021756,0.23798076923076927
3,3,0.5906526994359388,0.3004807692307693
