,folds,test_auc,test_acc
0,0,0.9997499218505783,0.9776422764227642
1,1,1.0,0.9817073170731707
2,2,0.9961237886839638,0.959349593495935
3,3,0.9984995311034699,0.9776422764227642
