,folds,test_auc,test_acc
0,0,0.7249000000000001,0.7033707865168539
1,1,0.669125,0.6719101123595506
2,2,0.691925,0.6719101123595506
3,3,0.7319249999999999,0.7078651685393258
