,folds,test_auc,test_acc
0,0,-1,0.9903846153846154
1,1,-1,0.6947115384615384
2,2,-1,0.3317307692307693
3,3,-1,0.8052884615384616
